id,name,model_id:id,group_id:id,perm_read,perm_write,perm_create,perm_unlink
access_ehoadon_config_manager,access_ehoadon_config_manager,model_ehoadon_config,group_ehoadon_manager,1,1,1,1
access_ehoadon_template_manager,access_ehoadon_template_manager,model_ehoadon_template,group_ehoadon_manager,1,1,1,1
access_ehoadon_config_send_read,access_ehoadon_config_send_read,model_ehoadon_config,group_ehoadon_send_invoice,1,0,0,0
access_ehoadon_config_draft_read,access_ehoadon_config_draft_read,model_ehoadon_config,group_ehoadon_create_draft,1,0,0,0
access_ehoadon_config_preview_read,access_ehoadon_config_preview_read,model_ehoadon_config,group_ehoadon_preview,1,0,0,0
access_ehoadon_config_user_read,access_ehoadon_config_user_read,model_ehoadon_config,base.group_user,1,0,0,0
access_ehoadon_template_send_read,access_ehoadon_template_send_read,model_ehoadon_template,group_ehoadon_send_invoice,1,0,0,0
access_ehoadon_template_draft_read,access_ehoadon_template_draft_read,model_ehoadon_template,group_ehoadon_create_draft,1,0,0,0
access_ehoadon_template_preview_read,access_ehoadon_template_preview_read,model_ehoadon_template,group_ehoadon_preview,1,0,0,0
access_ehoadon_template_user_read,access_ehoadon_template_user_read,model_ehoadon_template,base.group_user,1,0,0,0
access_ehoadon_log_invoice,access_ehoadon_log_invoice,model_ehoadon_invoice_log,account.group_account_invoice,1,0,0,0
access_ehoadon_log_sender,access_ehoadon_log_sender,model_ehoadon_invoice_log,group_ehoadon_send_invoice,1,1,1,0
access_ehoadon_log_manager,access_ehoadon_log_manager,model_ehoadon_invoice_log,group_ehoadon_manager,1,1,1,1