id,name,model_id,group_id/id,operation,domain
access_ehoadon_config_manager,access_ehoadon_config_manager,ehoadon.config,group_ehoadon_manager,crud,
access_ehoadon_template_manager,access_ehoadon_template_manager,ehoadon.template,group_ehoadon_manager,crud,
access_ehoadon_config_send_read,access_ehoadon_config_send_read,ehoadon.config,group_ehoadon_send_invoice,r,
access_ehoadon_config_draft_read,access_ehoadon_config_draft_read,ehoadon.config,group_ehoadon_create_draft,r,
access_ehoadon_config_preview_read,access_ehoadon_config_preview_read,ehoadon.config,group_ehoadon_preview,r,
access_ehoadon_config_user_read,access_ehoadon_config_user_read,ehoadon.config,base.group_user,r,
access_ehoadon_template_send_read,access_ehoadon_template_send_read,ehoadon.template,group_ehoadon_send_invoice,r,
access_ehoadon_template_draft_read,access_ehoadon_template_draft_read,ehoadon.template,group_ehoadon_create_draft,r,
access_ehoadon_template_preview_read,access_ehoadon_template_preview_read,ehoadon.template,group_ehoadon_preview,r,
access_ehoadon_template_user_read,access_ehoadon_template_user_read,ehoadon.template,base.group_user,r,
access_ehoadon_log_invoice,access_ehoadon_log_invoice,ehoadon.invoice.log,account.group_account_invoice,r,
access_ehoadon_log_sender,access_ehoadon_log_sender,ehoadon.invoice.log,group_ehoadon_send_invoice,cru,
access_ehoadon_log_manager,access_ehoadon_log_manager,ehoadon.invoice.log,group_ehoadon_manager,crud,
